file,label
freeware_506.dll,0
freeware_507.exe,0
freeware_508.exe,0
freeware_509.dll,0
freeware_50.exe,0
freeware_510.exe,0
freeware_511.dll,0
freeware_512.exe,0
freeware_513.dll,0
freeware_514.dll,0
freeware_515.exe,0
freeware_516.dll,0
freeware_517.dll,0
freeware_518.exe,0
freeware_519.dll,0
freeware_51.exe,0
freeware_520.exe,0
freeware_521.exe,0
freeware_522.dll,0
freeware_523.exe,0
freeware_524.dll,0
freeware_525.dll,0
freeware_526.exe,0
freeware_527.dll,0
freeware_528.dll,0
freeware_529.exe,0
freeware_52.exe,0
freeware_530.exe,0
freeware_531.exe,0
freeware_532.dll,0
freeware_533.exe,0
freeware_534.exe,0
freeware_535.dll,0
freeware_536.exe,0
freeware_537.exe,0
freeware_538.dll,0
freeware_539.exe,0
freeware_53.exe,0
freeware_540.dll,0
freeware_541.exe,0
freeware_542.dll,0
freeware_543.exe,0
freeware_544.dll,0
freeware_545.exe,0
freeware_546.exe,0
freeware_547.dll,0
freeware_548.dll,0
freeware_549.dll,0
freeware_54.exe,0
freeware_550.dll,0
freeware_551.dll,0
freeware_552.dll,0
freeware_553.dll,0
freeware_554.exe,0
freeware_555.dll,0
freeware_556.exe,0
freeware_557.exe,0
freeware_558.exe,0
freeware_559.exe,0
freeware_55.exe,0
freeware_560.exe,0
freeware_561.exe,0
freeware_562.exe,0
freeware_563.dll,0
freeware_564.dll,0
freeware_565.dll,0
freeware_566.exe,0
freeware_567.dll,0
freeware_568.dll,0
freeware_569.dll,0
freeware_56.exe,0
freeware_570.exe,0
freeware_571.exe,0
freeware_572.dll,0
freeware_573.dll,0
freeware_574.exe,0
freeware_575.exe,0
freeware_576.exe,0
freeware_577.exe,0
freeware_578.exe,0
freeware_579.dll,0
freeware_57.dll,0
freeware_580.exe,0
freeware_581.exe,0
freeware_582.exe,0
freeware_583.dll,0
freeware_584.exe,0
freeware_585.exe,0
freeware_586.dll,0
freeware_587.dll,0
freeware_588.dll,0
freeware_589.dll,0
freeware_58.dll,0
freeware_590.exe,0
freeware_591.dll,0
freeware_592.dll,0
freeware_593.dll,0
freeware_594.dll,0
freeware_595.exe,0
freeware_596.exe,0
freeware_597.dll,0
freeware_598.dll,0
freeware_599.dll,0
freeware_59.exe,0
freeware_5.exe,0
freeware_600.exe,0
freeware_601.exe,0
freeware_602.dll,0
freeware_603.dll,0
freeware_604.dll,0
freeware_605.dll,0
freeware_606.dll,0
freeware_607.dll,0
freeware_608.dll,0
freeware_609.exe,0
freeware_60.dll,0
freeware_610.exe,0
freeware_611.exe,0
freeware_612.dll,0
freeware_613.exe,0
freeware_614.dll,0
freeware_615.exe,0
freeware_616.dll,0
freeware_617.exe,0
freeware_618.dll,0
freeware_619.dll,0
freeware_61.dll,0
freeware_620.exe,0
freeware_621.exe,0
freeware_622.dll,0
freeware_623.dll,0
freeware_624.exe,0
freeware_625.exe,0
freeware_626.exe,0
freeware_627.dll,0
freeware_628.exe,0
freeware_629.dll,0
freeware_62.dll,0
freeware_630.exe,0
freeware_631.dll,0
freeware_632.exe,0
freeware_633.dll,0
freeware_634.exe,0
freeware_635.exe,0
freeware_636.exe,0
freeware_637.exe,0
freeware_638.exe,0
freeware_639.exe,0
freeware_63.exe,0
freeware_640.dll,0
freeware_641.dll,0
freeware_642.dll,0
freeware_643.exe,0
freeware_644.exe,0
freeware_645.dll,0
freeware_646.exe,0
freeware_647.dll,0
freeware_648.exe,0
freeware_649.exe,0
freeware_64.dll,0
freeware_650.exe,0
freeware_651.exe,0
freeware_652.dll,0
freeware_653.exe,0
freeware_654.dll,0
freeware_655.dll,0
freeware_656.exe,0
freeware_657.exe,0
freeware_658.dll,0
freeware_659.exe,0
freeware_65.dll,0
freeware_660.exe,0
freeware_661.exe,0
freeware_662.dll,0
freeware_663.dll,0
freeware_664.exe,0
freeware_665.exe,0
freeware_666.exe,0
freeware_667.dll,0
freeware_668.dll,0
freeware_669.dll,0
freeware_66.dll,0
freeware_670.exe,0
freeware_671.dll,0
freeware_672.exe,0
freeware_673.exe,0
freeware_674.dll,0
freeware_675.dll,0
freeware_676.dll,0
freeware_677.exe,0
freeware_678.dll,0
freeware_679.dll,0
freeware_67.dll,0
freeware_680.dll,0
freeware_681.dll,0
freeware_682.dll,0
freeware_683.exe,0
freeware_684.dll,0
freeware_685.exe,0
freeware_686.dll,0
freeware_687.dll,0
freeware_688.dll,0
freeware_689.exe,0
freeware_68.dll,0
freeware_690.exe,0
freeware_691.exe,0
freeware_692.exe,0
freeware_693.dll,0
freeware_694.exe,0
freeware_695.exe,0
freeware_696.dll,0
freeware_697.dll,0
freeware_698.exe,0
freeware_699.exe,0
freeware_69.exe,0
freeware_6.dll,0
freeware_700.dll,0
freeware_701.dll,0
freeware_702.exe,0
freeware_703.dll,0
freeware_704.dll,0
freeware_705.exe,0
freeware_706.exe,0
freeware_707.dll,0
freeware_708.exe,0
freeware_709.dll,0
freeware_70.dll,0
freeware_710.dll,0
freeware_711.dll,0
freeware_712.exe,0
freeware_713.exe,0
freeware_714.dll,0
freeware_715.dll,0
freeware_716.dll,0
freeware_717.dll,0
freeware_718.dll,0
freeware_719.exe,0
freeware_71.exe,0
freeware_720.dll,0
freeware_721.exe,0
freeware_722.dll,0
freeware_723.exe,0
freeware_724.exe,0
freeware_725.exe,0
freeware_726.dll,0
freeware_727.dll,0
freeware_728.dll,0
freeware_729.exe,0
freeware_72.exe,0
freeware_730.dll,0
freeware_731.dll,0
freeware_732.dll,0
freeware_733.dll,0
freeware_734.dll,0
freeware_735.exe,0
freeware_736.dll,0
freeware_737.exe,0
freeware_738.exe,0
freeware_739.exe,0
freeware_73.dll,0
freeware_740.dll,0
freeware_741.dll,0
freeware_742.exe,0
freeware_743.dll,0
freeware_744.exe,0
freeware_745.exe,0
freeware_746.dll,0
freeware_747.dll,0
freeware_748.dll,0
freeware_749.dll,0
freeware_74.exe,0
freeware_750.dll,0
freeware_751.exe,0
freeware_752.dll,0
freeware_753.dll,0
freeware_754.dll,0
freeware_755.exe,0
freeware_756.dll,0
freeware_757.dll,0
freeware_758.exe,0
freeware_759.exe,0
freeware_75.exe,0
freeware_760.dll,0
freeware_761.dll,0
freeware_762.dll,0
freeware_763.dll,0
freeware_764.dll,0
freeware_765.dll,0
freeware_766.exe,0
freeware_767.exe,0
freeware_768.dll,0
freeware_769.dll,0
freeware_76.exe,0
freeware_770.exe,0
freeware_771.exe,0
freeware_772.exe,0
freeware_773.exe,0
freeware_774.exe,0
freeware_775.dll,0
freeware_776.exe,0
freeware_777.exe,0
freeware_778.dll,0
freeware_779.dll,0
freeware_77.dll,0
freeware_780.dll,0
freeware_781.exe,0
freeware_782.dll,0
freeware_783.dll,0
freeware_784.exe,0
freeware_785.dll,0
freeware_786.dll,0
freeware_787.exe,0
freeware_788.dll,0
freeware_789.exe,0
freeware_78.dll,0
freeware_790.dll,0
freeware_791.dll,0
freeware_792.dll,0
freeware_793.dll,0
freeware_794.dll,0
freeware_795.dll,0
freeware_796.dll,0
freeware_797.dll,0
freeware_798.exe,0
freeware_799.dll,0
freeware_79.dll,0
freeware_7.exe,0
freeware_800.dll,0
freeware_801.dll,0
freeware_802.exe,0
freeware_803.dll,0
freeware_804.exe,0
freeware_805.dll,0
freeware_806.exe,0
freeware_807.dll,0
freeware_808.dll,0
freeware_809.dll,0
freeware_80.dll,0
freeware_810.dll,0
freeware_811.dll,0
freeware_812.dll,0
freeware_813.exe,0
freeware_814.dll,0
freeware_815.exe,0
freeware_816.exe,0
freeware_817.dll,0
freeware_818.exe,0
freeware_819.dll,0
freeware_81.exe,0
freeware_820.exe,0
freeware_821.dll,0
freeware_822.exe,0
freeware_823.exe,0
freeware_824.dll,0
freeware_825.exe,0
freeware_826.exe,0
freeware_827.exe,0
freeware_828.dll,0
freeware_829.dll,0
freeware_82.exe,0
freeware_830.dll,0
freeware_831.dll,0
freeware_832.exe,0
freeware_833.exe,0
freeware_834.exe,0
freeware_835.dll,0
freeware_836.dll,0
freeware_837.dll,0
freeware_838.exe,0
freeware_839.dll,0
freeware_83.exe,0
freeware_840.exe,0
freeware_841.dll,0
freeware_842.exe,0
freeware_843.exe,0
freeware_844.dll,0
freeware_845.dll,0
freeware_846.exe,0
freeware_847.dll,0
freeware_848.exe,0
freeware_849.dll,0
freeware_84.dll,0
freeware_850.dll,0
freeware_851.dll,0
freeware_852.exe,0
freeware_853.exe,0
freeware_854.dll,0
freeware_855.exe,0
freeware_856.exe,0
freeware_857.exe,0
freeware_858.dll,0
freeware_859.exe,0
freeware_85.dll,0
freeware_860.exe,0
freeware_861.dll,0
freeware_862.exe,0
freeware_863.dll,0
freeware_864.dll,0
freeware_865.exe,0
freeware_866.exe,0
freeware_867.dll,0
freeware_868.dll,0
freeware_869.dll,0
freeware_86.exe,0
freeware_870.exe,0
freeware_871.exe,0
freeware_872.exe,0
freeware_873.exe,0
freeware_874.exe,0
freeware_875.dll,0
freeware_876.dll,0
freeware_877.dll,0
freeware_878.dll,0
freeware_879.exe,0
freeware_87.exe,0
freeware_880.dll,0
freeware_881.dll,0
freeware_882.dll,0
freeware_883.dll,0
freeware_884.exe,0
freeware_885.exe,0
freeware_886.exe,0
freeware_887.exe,0
freeware_888.dll,0
freeware_889.dll,0
freeware_88.exe,0
freeware_890.dll,0
freeware_891.dll,0
freeware_892.exe,0
freeware_893.dll,0
freeware_894.dll,0
freeware_895.exe,0
freeware_896.dll,0
freeware_897.exe,0
freeware_898.exe,0
freeware_899.exe,0
freeware_89.exe,0
freeware_8.dll,0
freeware_900.exe,0
freeware_901.dll,0
freeware_902.exe,0
freeware_903.exe,0
freeware_904.dll,0
freeware_905.dll,0
freeware_906.dll,0
freeware_907.dll,0
freeware_908.exe,0
freeware_909.dll,0
freeware_90.exe,0
freeware_910.dll,0
freeware_911.dll,0
freeware_912.dll,0
freeware_913.exe,0
freeware_914.exe,0
freeware_915.dll,0
freeware_916.exe,0
freeware_917.exe,0
freeware_918.exe,0
freeware_919.dll,0
freeware_91.exe,0
freeware_920.exe,0
freeware_921.exe,0
freeware_922.dll,0
freeware_923.exe,0
freeware_924.dll,0
freeware_925.dll,0
freeware_926.exe,0
freeware_927.exe,0
freeware_928.exe,0
freeware_929.dll,0
freeware_92.exe,0
freeware_930.exe,0
freeware_931.exe,0
freeware_932.exe,0
freeware_933.dll,0
freeware_934.dll,0
freeware_935.dll,0
freeware_936.exe,0
freeware_937.exe,0
freeware_938.dll,0
freeware_939.exe,0
freeware_93.dll,0
freeware_940.dll,0
freeware_941.dll,0
freeware_942.dll,0
freeware_943.exe,0
freeware_944.dll,0
freeware_945.dll,0
freeware_946.dll,0
freeware_947.exe,0
freeware_948.dll,0
freeware_949.dll,0
freeware_94.exe,0
freeware_950.dll,0
freeware_951.dll,0
freeware_952.dll,0
freeware_953.exe,0
freeware_954.exe,0
freeware_955.dll,0
freeware_956.dll,0
freeware_957.dll,0
freeware_958.exe,0
freeware_959.exe,0
freeware_95.exe,0
freeware_960.dll,0
freeware_961.dll,0
freeware_962.exe,0
freeware_963.dll,0
freeware_964.dll,0
freeware_965.exe,0
freeware_966.exe,0
freeware_967.dll,0
freeware_968.exe,0
freeware_969.dll,0
freeware_96.dll,0
freeware_970.dll,0
freeware_971.exe,0
freeware_972.dll,0
freeware_973.exe,0
freeware_974.exe,0
freeware_975.exe,0
freeware_976.dll,0
freeware_977.dll,0
freeware_978.exe,0
freeware_979.dll,0
freeware_97.dll,0
freeware_980.exe,0
freeware_981.exe,0
freeware_982.dll,0
freeware_983.exe,0
freeware_984.exe,0
freeware_985.dll,0
freeware_986.dll,0
freeware_987.exe,0
freeware_988.exe,0
freeware_989.dll,0
freeware_98.dll,0
freeware_990.dll,0
freeware_991.dll,0
freeware_992.dll,0
freeware_993.dll,0
freeware_994.dll,0
freeware_995.dll,0
freeware_996.dll,0
freeware_997.dll,0
freeware_998.exe,0
freeware_999.exe,0
freeware_99.dll,0
freeware_9.dll,0
0032588b8d93a807cf0f48a806ccf125677503a6fabe4105a6dc69e81ace6091,1
0067eae319d0e5062a831e3dc83de4dae6bf1acce166473a10ac3f57ceb96151,1
00c56dff20aadfebdde69d7bb268398145ddfcfa3617f4ad8df9ad2902e58be5,1
014f177f6542735538783f639aff9f46ab4879544d6ddfed327ffed7313e4a60,1
01630abb94b6fded3504e4c1f6b124950fe4d4c8481c46f04363166e52ec6b7e,1
016c8ec209b1d3c0de2883229ca9f9f21f9a3b7fa53688e8ba84c0ed394874b5,1
02016883c85348c017207d1f8643752625e37ebbfece21dc1c4493ea9b797aa4,1
028f3aff1bbb9bdc57fd0ed7bff829b12a6f47872655f85e49001624ddb57e94,1
03385cbccae28797e0f6b8c1f9b55e767dad487fb652162def9f8eb7a86b29a7,1
03870d02acc6e280b035822949dc6cc3b576cbc487497d0f358c3e05d969a23a,1
0440719a18b0675e1269b6d6611e73fc229e60e3139a53853501d6e90cc1896b,1
04443c70d34ded7f17d3a00b0f3f7309291dbcb7957a1c5664aab6c7886b17be,1
05535d72f3f98c73d9b660625e1b627b1bebbd15d7d4add4ecc492a2b0d67a06,1
063cf82cd52acb6a0539a6ff59f72fb5de473293a06c470a92c6d35a151b73e9,1
064cd44c5d36826dc6ea94efe49e9f8a7fe4645c0c9a7d9a936b0b615a8b38ec,1
0858e188c9312ee2e4cf3c85ae4ba11dafba30a1dca36ca40a2d2d5f712f07af,1
09002c686e358799a9d732f4483a31a858bb140a3dfd59df54b1d449d2f8122b,1
09d2a852e68ae253edf08115b438c11ea8dc168bff12a392fa1c9928c7889a31,1
0b1551c0bef2ec2f87a7e3d84be6a388c7ce52ca9d2c4f791939e41a3ecffd16,1
0ce8c780fd0f0ea7d414e12613b79d3050f24b87abb63c9aad32df8d72fd83f9,1
0d2d39d56a5282796c98645667ef87e445e4ae05b7664cc5e53e12ee24b05a88,1
0e969221c2e8d9c76a5ad863a80be2486a867ad8358bffd3a56158fcf7e3997e,1
0f0c23ea76170d902f7924227c8af2d423e58e6130f706e477382cc4cc411ebe,1
0f5c3ca5240f21538958ff98e785c4775d5f175b408864ad2611e32fa3869627,1
0f7061b3e130e6e74d13a7c11fe4d6fb210c0fc4d26ec98b576169cbe5527cd9,1
0ff0b7fcb090c65d0bdcb2af4bbd2c30f33356b3ce9b117186fa20391ef840a3,1
1048caa70a44f59a621e209cc10308256e7495a427245260469812ca1b710629,1
106dc75b681cd688c0bd9ff8dabd014fcce7c22026e2f183d8facfe7d0d4a421,1
116673ed59bed28f9ac8ab121bca4fcd66039c46f9d9e8f9ea77c886290fdc16,1
117da274f4076bdd7f3aa6e6b1d96c44100ccaef59194202fc166ee5f4be78b2,1
12a61e3e74a6aa8bebe2164a57985fbbb2781d40e30cc5be1b62f5cb70a6bfed,1
12a8e503b2cde2d9e3803631f0418e1aa6230718fa16b8ee7f7189839a9167ee,1
13209ce113122f9b8b1acb728adf3779c86b96e161c2b6f16187a3861ce9cdd2,1
1386dc0a3355043ae0ba45a52f1b3bb14a0f58151dcc3297b8a594fe9dfafb07,1
146de084ff60046edb599a6f8ae1503aa2a7f39c550807e9af069c2e8c9ea34c,1
14e89e49830dcf8fe43f565e6e25ef36716cb5240cd45ed1c5b07bef3f16abd2,1
15e8c986c4602c61a474b51d250e03d5bb178eabc8c5a82a242c1a0fa2227704,1
16622dce760c2c151b5bd6d2685e1354d9bee0ff84ef1b50bf79b4fc615ee701,1
16be30d26b21197edbde8546e66f889b362d32980053abb55d27134cf2680a8d,1
16c26f67e5ced92112f51d7498daef0b6564007330b7e137940a3285aae78f0f,1
1723a93256f6134d2407e7641acb8dd4447e38cb4931dfd094ab15e2eea39cac,1
172f359baa478d80a9a8eccde0393e3fb8a58f0444a1b71d99d87c6a50855297,1
179edc1ac420997bdbd34c3837f66605d242353570bd22a8f76edc8e7cf0931e,1
18d0c614e04156c71da404a7f4babec756c5e76a2c94ba17992f8a70ee8639ac,1
18fb2937c40f595a4e6453e2a3574e09cbe188b1da1deb80cf83bb475ef5cd5a,1
198e096f68254a4adf6ec7cbd3d6a1d34accf1e19fdee50f58cab81bbc1b9e86,1
1b2423665f3cf4fdbf9ad396a99ee892747f858f87174c400fb662c721f9e986,1
1c3170b776327a73e95e554258be94a70d6861b37242fe48a5126d06e33de1b0,1
1c9e68582fd31d4adc396810370e191241e25092a97476139278a60690c9f426,1
1cb3c3f91b2f1a2de6a42529cf56b4ce5d02843d1e105cb719a166a4b5a770cc,1
1d4a3957a4f4d83f1edffcb0b596e04d98c82f801ae4b23208a34076203f42f6,1
1f216f23c89989e53f0c8ab775be6fcf51120b5f0a4edf7c01cb3744356cd185,1
1f393d3de2fe3ec9f94bade8996326f53ec76c39ce450ffccc0d1994850589cc,1
1f3d0bf4afc4b31c0e1dac027636c0996cc99e474d6b85d68fd7e27c919d34e6,1
1f670ff8cca59a61aa0d58f297788916a6a9a318c1e7a3319367b6ffdc45c755,1
2030f0f9fa95e6e824d12664b48344c6e4fd58e607c96e6300c88a8292d1f743,1
203fa553410cddd86e145290b27281612fa16709bf3f63de08b3db5eb2674ab1,1
20c248344c50cdbccfab599a4be47a58a958f6b41ab89a1f56c4d8e464c48b1a,1
20e9e0e304c95438593423fd20e7710491035804d49bf40b3e957f545ac89371,1
20f34af2caf2e27d4d761bd4be0691f0e09f178e851f528c493ac7308eb4066f,1
21240c07306d5c38d3c30fe2f03b08b62f15cc66d720c86a33799d1fb7829028,1
213036cea81909f061d67141c3da1794eb03c5a7a5a8f0b5ed6671e614ce7b45,1
22abc470d761ac7d46b0b9febe33b6c3801f3d6df1e2ecac071b78247f38dc8a,1
22b60d4abffed0ab166fd2d69e7bedf35ac7477a83da49c629014fd760691bdf,1
2377c8c3bbfa4f54abb1f44e6b749bd616be2b3e9406f004ad17694201f3fbc0,1
23956112bf319a1e357b2b451d62c30e1b41dd3861af3e1340a404562736ecc7,1
23b63f00ea7d0196750bc36ab5d701e675539b6787c5bdb61378b5577fa78b2e,1
240387329dee4f03f98a89a2feff9bf30dcba61fcf614cdac24129da54442762,1
24689a36a7f3427d98473599b6b73febe3f5c6b874fc7ec07d76fe4cdacf4041,1
24a1f55a0e12045d6d37a2c57e7b8116452a228ea117817810951c841e12fd04,1
24ff21f0a0432c8a00ee56a88a76c6d84908c815739dd747ccd521faa44e4959,1
260683d9555e79992a736b787a257da2d4decec054df2a2466dc9801822c59f6,1
267067e93134b98debf9013130d60d7ccb1e489409ec725d4965381fe7f8987b,1
26d13bc034696152dd27a3538d3a35cf7ef3811eb9c889ab7bc0b6e9328f9cf8,1
27cbbd716b164077fefc280b721b53797ac02db97fe1f5b29050ae1b3508140f,1
294ddc03e1e1372defb5b67fe50aa815e52772931ba9e9a1027437e0b7bb8242,1
2966dbdfa945eb3c5cbc963d661dc903876765c003a7adde77bddada0ed9b4a1,1
2a299b9d8f0c05640b60bfceb4990661fbaa7154d0c688599e6afde72101a88b,1
2c69d3350203f1aa4c99848a097cf428fa6d748d28fb291a166710f78d6dd7d2,1
2deaa0ec7445c26f1442f860eb32f4fcda2d501699d09a94c26035d6185803ea,1
2df6c36b4784f4934afabe081335830ee9c00520070582b5a381335b4350f951,1
2dfbd3dfeb47f9f4f6e5b7e6d78d4486af192d39479b7226f6226acb0bdf6908,1
2f163a303c0500f4179c41aa8956a2f3287db3c522e180a5ea5be04835725c90,1
2f3409bb36d5411d1a02ebd189c305e2b20f744c204f15eef9be459ec398448b,1
2faea54e17be82c096325fc7a3fc5a64974b22aaa89101e9a8b4cf619733cbfe,1
2fba2aba4b6d7ff3a8b262399a30c7f45ff15cfab932c25fc61477278171a107,1
306e2f4b2a2de9ac526e278c5f3ce3873448b42bb2f7298fbaa9377a70f224a5,1
323889e349aaf43ac678e3c1dcb690b879263b9a417ac16feb51d12de11128d6,1
3396730ce0b3648a2af424aaf569a21057e6cd6637d54c8dc9d17316b8acf7fe,1
349a52b2d011c6f570d87ca4706a644c0f4ab8a6b96decd522c2fd789ecf50ac,1
3532dd3d0f0ba1c2d0fe796ed4f26bfcd9cc62c2cc9c1199181591798d8d7145,1
358a5079b824548ef87fcf89d3e4b5284e780edc4de8a450f3e51878d1290eca,1
359440df1e4a2a524982d61b525e45aee7c32bf267a634c2ae150ebf88e9e646,1
3691b515fd7c2c0fce077fbbcb3e0d7ef72b1ee2fa9f53254352f64f28986a46,1
36d4bb8bc373164dc5c66e0a6b40c3e3dbd970faccb1376caf0c53b050b90541,1
3700f0dfb57e2ae0922005bd28bc31af3700bcad4846cd1c5142e81508ec628b,1
372b929ae9362bf357a3a8c5c968921f2c950094d928b2ed2cf94ea04bcfdbef,1
376eceec074e00eed57561743299ce349d4305fd6829f02ae7c578ecdae59d7e,1
38ee6bea62658ae4fa75914261a5848a8db5b332ddfb52daf01e958871559e15,1
3a411c1f2e55d7e21318a32d1527f8ebd7ab76d873368acbb573e67b89257f5e,1
3b0ae18e5b5547da45819045671c9cee36e9e4c2d8885e4afb68473c9383273f,1
3b60fde281d91cc3e7ea3e343ee5b13a31def564903c0136ae928f70e25c3c02,1
3c0be29b239ac47fd813a15d7b03da24ef94028da46a6efa3573f2d5b4d06f19,1
3c6aa865122680ffb7a2895f50a79c49c81f1aea0f464c0e1361759265d7228f,1
3ebdd7d753526d8767e108598ce91c2f1c00f506a7413f65899f8c279cc031de,1
3ed5d687a46e865424395d3dd455f69c82ac0b22fa24f361db6e87e7aa5019bd,1
3f6324920b3667fdb510031cc0c53cf5dee6374e7db76efd299c6d556c33eb10,1
3f9e2dee0a630250cb9223ee6c46c5f42b6ef5f76b3ac034f4dd9269092c4d83,1
40c913b6837bb03dd168536710d88a05faa6a6956b1c210758a0979a6782bf62,1
410efb1938ab06cf29acbcd24a3eca81c5d6d0c84778997adad1b5f0ecfb455c,1
416602104bcae3dbbd3203e84a32e5c6da914cfec47b25fa8fe856622777469b,1
42275c37b329bfe920dbde9000c6980c734452476c92397fe3fc04a03afabe1e,1
428558fcf4133715cf08d2fdf904b35f3c5e47dadbb5128b43785648688abfa1,1
437d91ce52c0b54e125d28ea1bc6b5547183f04e40f9e487150be7862e61688f,1
439f3181ca4d64c15041b0e011e5b1769f79e414b9ad78e26c42b39c2253b005,1
447058c1c6551c352895be7569e33c96384da3757303fc97004be45f56b4e9a8,1
451f75f1ec20b1ac5ed9a7f1eb0d0399dcfb15cb5d6c399b1129abc683980070,1
45a4bd970485ca539c95d746fbe8866f868972dcf7f1d196199ed7ea8b50be5b,1
45daf23b20fc4585c6c8d754dc4d0a822471c176bc07a3f50c549db8ec6ea673,1
4621984fa691bd80870e3e3f15cc83121a5862cef4abf2989844d858b2c64b0f,1
46ca6ccc7eda520ea57a4fc5300419221f41d1ec9f97bf50172e113469b9e065,1
46f79c451e652fc4ce7ad5a6f9eb737642077c128e514c889458220ed6985913,1
4753a049547fa90686a21d981602b4675228b2f7f49e6c7e9dccf8b06469f950,1
4774408a9fa38565edcc873978c27c7c08f165f56a61678ac2594d7248a61815,1
478d30cd4463f555199225e255f8c83a68bdb39f2fa4c2f06893f489681349b5,1
478f86e31c4bd8bd6ccf86696375949029d20f6736c4e01c577e99adec0c112d,1
47920080055e1707943b1f993ad547e3b0ea0d1a15ff825c500ad5f934c082e6,1
47b89cd772f4d621bf5530c518d2495a94ca83801c80ceab2f6100d23099342c,1
47f31bc89c7581bb0483e01e15695e1f75ee4236f00142ff720f8f8138fb93eb,1
48855186730beac2ad2caa4cae0dd8a1fb7e8101887f738ee0bd3703f4f67086,1
48fd524f066695b87ab0aae7b9def7d122cf5937fa995babd533f7c89729d9d0,1
4a078c36e275d8663d0b7751880d2e8381768904a0a5c504c183dd9ce0fbe5ac,1
4a5f54ef6183a93edcedd4858b261c920bf81b7dbb0aeb113ac933c0bd1d7601,1
4a67b18a6f8b4dc5d3652aafbd529a2056fd60054cda67ba7235d66d2c3aeae8,1
4ad31497910414ebea5b4fa2a119322a4891f9b0b650b4fcb5bfacc28029c67e,1
4ced511a7aedfa4fefe0efb5647abf5f2e5628453cab0e19cc07eec2c83a6b5d,1
4d478d444633614431e232d8c11a9425cab39a7109e1fad8b470cf55ed2c1b4d,1
4e79e13b0a1ab183bbdaec26c479c7deaacbb8034f890dcb07001eedbb0cc28b,1
4e87a0794bf73d06ac1ce4a37e33eb832ff4c89fb9e4266490c7cef9229d27a7,1
4fc17a5cf81946e26f1846986557801c0a802e56255c7d112cc3edc0d70255d5,1
5061c0b08d522fdae45fc9285ac45fb96a4e80bd859867a0e988dfaeb2b33b03,1
50c386d8ad900208670041d0591eae303aa80f158c1b4c74fe01987594f16158,1
52cd2b085ede2f1bc0917d5c8dd29d0d83777c485387d46ab089fe1df67fa530,1
53d4ebf6ed258a7e348d5cf70482e199861aefea04017563f92af16b032bc9ee,1
55754d7bc221d58cebc24daeb3476fa2dbfdaf6ab75e9d3a30456dd5cbf589e5,1
55b8c931d255cef1b2541db94a1eea700b9849c253ca5b24f31aeaf272a276c9,1
569c41122e32d220bfbaf714d360fa6238f44fe15dd398a5b4d2e05a57a02046,1
56c8658623c36a190320248bc4ef6d1b81eb419a2d435b49e294bad42cb22cea,1
572b756cd5cfda893c5e32f7bdcb4e44d57e7101b507afcdee8646b3417fe6e3,1
576491bda8e75b71d0f37b9b9a7d3939253a82dde82b86ab1cf45aae8dcc39ae,1
580ab691ca271c0c7779a29c3ddd882250bfd763d40c05c9d60809a087cace63,1
5831264367b6ee1636606b2d9f46111cb7ab4b3b007e49e2f921df5f7d484f06,1
58653e63c362371d8bcb165df947c575cc5a0f0692d813bf7d7acdfe74c9874c,1
58c0732e25960252fd9dc8727c1131248091f3117f66b01329bb80c969614438,1
5942a02bc0a0e32875bc71e9a678b065d5f0e144938467a3590ba884884153d3,1
5991d72ef8f2e3f623afc25c0129eb408d3f5e4494b5052a4009c0d9172e082f,1
59db6bfe06ffc9d3126d91224c168e821ae63e9a114e89f87b1dceed61764864,1
59ec54fb9b1d3415b54558977e3640b81bb3ebebdb61af3fc772e308c6b8eb3a,1
5a563e7b4523310c4cacd24956ef84f0af27a3cb6457d662da1db29d48918add,1
5b29aad543f2e008b7f07d9b598231ba023fb86d47430cbf096bc9b7e65e7954,1
5b2af0c5a897788054697d71aece17a8a845436fb06a0be044a29307a04e1779,1
5b602304faf88737a24a3ad74f92938ea60eed8bdc4532131a31bce5a58be98a,1
5bfb7c23c0000a681f4c5d259754fd45b740128956a8eba0c0f18f68e73c0b8f,1
5d5add0161b7acbf1c645965397b798213153988d952147febfbccffde8b7387,1
5d9e56fc83a670b61fdc3db0ac34cd87ed28bb493b96f0b56bb9a64665ce9ac0,1
5dc7b1646c783d9e42bfac4d5918899f45d54db7498a0beece236a707c8dca4b,1
5e396520da517174e5556e5b2c3b6e6ff25214c083e4458248f1be2e89967c65,1
5e3e62db545aa2dfaf25a125b4a8978ff1f2cfc8d75d1857dccd64f874f0b24b,1
5e945c1d27c9ad77a2b63ae10af46aee7d29a6a43605a9bfbf35cebbcff184d8,1
5ec4094eec1725b6171b58540004f1253e924d4fc24bc6542a10d2890320fe77,1
5ed4b682efcc4d63e5fc8a5f666f64e206e710dd408455d6061ddf3d8c95aed4,1
5ff23f4f2d9262d904b254ecda93ce5eb43feb01136dbd0f94597d895af84cf1,1
61007285444532057b4087c8f029a0a65bbe60d65fc1aff655784de0a98bd47f,1
615d7bddd51740fb8c73d6cc18532328727ae87837649cd39e84cf6ce99a070a,1
61f2d6fa249bfd74e59d8f6d50191c62490fc690f7fb035fe2133b4566b38a89,1
622802f4a9b4ff92395ab75ee1c3bd17b890be8b45d0e3b6d4f690a8b58b6074,1
62766a399be76b5e0450667145483e0a506a372a7268b6e21c30c01a74de2398,1
63793335f52636a95369c3a39662c5141f492d6b966a6b7e492bccb907126303,1
64aae4b954766b84f8f8fdac62f7b53dcaa61b07031321a027740a4f9f0fe484,1
651bebc6a44c008eab324191e8b85e09d5bd26077aa2ea34f6b07eb5d9b75dd5,1
66405bae377a764d41dc95646129120fbedb3e6f9719599e93c9ebdbe81ff8f2,1
666a8dbc172bcf7cd698bf95e5b58de17535121fed7de5ce1349db4446a1fa5c,1
676b02d81ccb54835e6c176ca797757e4e61cd3d6dab30e91bc55bbb65471dee,1
686c2ae1dbb09e8358bdeb43d37e931d936a6527e656de29f1ed27db645059a2,1
6970600d21285371d6a4fd6175b65b672b9b9aaea36353e1544f0672944c9fb5,1
699aeffcc0fcb26df6d42e34a9eb425eeb648001e25e5f41e29baab10865ed78,1
6a2a639f212e1d59e964e24485b26f450196b79af07534d7f3b90055fdbbc984,1
6aa07182862492655033749073cf0898d1fb9a3d82b3fc8eb5394ac1f2b47d77,1
6afc78b5630726c907a69d62a6c8a7d86326e21383fe3aae1efc715342238e02,1
6bfd90ff3ee65b05e54934c553999e6c51fc3d8e164e5277083b82a9275fced0,1
6ca36c08e8bb57be8056dcd108c5f3bf340f82d5a744e46f3ed6fdf9f9b1fc96,1
6cc4e8fc2758f987137803a9ec78bc20eab3a0d885c89e5bb879d13665f711cf,1
6d5d672d9e8402a4e6a2309c71443e93efccccee8f9959afc24ae9a89fe2935c,1
6dfbef69721f0c1dde1b905eaaa5a1fe804458007edae1d47703b1d92055f26b,1
6e29378ae49a69b2966a690b43aa0c63904d59c1c7fac65004d0b1ba8f722f48,1
6e606a8f02f1e6f3b9883af69d6aeb1fe6a01e0968da478b5f253d3025dd15c7,1
6e7785213d6af20f376a909c1ecb6c9bddec70049764f08e5054a52997241e3d,1
6f9fcfaa7d942dea200107857c51c4fbcd7ac5922f090a1b9dc91e0e67e03fa3,1
700327531ae25b627644fbfb49de3154499a5b517c830f284b368641b84a427b,1
707025aabf49be938c24b5b6614d2008b928ff596fb405d7be2338b1cf1ae04d,1
7194aa3ef48725220516bc618aec8ab92ddef859de8f584a6a214ed9812e221a,1
723e300bb8a55e8452d59980eb96490ef0c06b3f7df1dfe0ad6d542003b876bb,1
728910839e21267b805ab2f042cab15f3567c28cab82843fe8f3f53f05303763,1
72f528f9a6bb7e6ccf45d9e25e77badb6e9fd8533c0fd8dac26a087347ff8592,1
73a0eff4b25b824af4b6600db0f637f991b45b0945c9385fd6e7eca289b7e5ed,1
73dcee7abeca24a9170f800d069e80283b9ea1bd7cc6fbabdf55c613897f9699,1
742256bcf13cbfbdda629361d08061642d1c5171c86d38b2968e0b63d6cb33d9,1
74a7d257b7c3e1c80eebbd5cf14337955c9a33bb1c246b0228ad97da582c3bc2,1
74f76f091078904eb33c7208cfcce6c2e3c766356e4eb0173e24efa504b4eb2a,1
74f98f92d0536a98c39bd7110f47d3ef4f61b916915386484b8da175fe35110d,1
7548963754494b54a1d8b71b59e32c8b92b2e49c88dc90a3e299e45fe222dbd2,1
7564394cdf95f47b753662ee9240197a1b54a218a92efca79e873c2d6fb04544,1
75b1681ca91ffac27b91b5ff9c1a1d2d92070a580179398df582ef3ec925e129,1
7620b5c6628f1470f54462444736bfe66158077eb72bb286f0b4dab142fc9173,1
7625da71c2752c647cd18fb37310bf35d9e0f12a85abb00ecda7ef0ae4bc9ba0,1
767781b11adfbea680b8b77538ce011bbec0e3e3bb25df6d72b19344a4afa3f2,1
7682b842ed75b69e23c5deecf05a45ee79c723d98cfb6746380d748145bfc1af,1
76c39773f1b2801f46d8856d7ad46b97ef500ac07febec3f0bcf623c326aea87,1
772d9f798c5e823b84daa0928beb65722bdddf42e8bb18256a50dbaea959c321,1
775c7bd9e820c4dfd0fabdfeade2de901414bd46d2691ea5020a818f6a42eb83,1
77dad392b6b7bf6636f9d2b39dc18067c5805eae85849a8d12cca242baf83837,1
785872bbef35d86fe6ce8a53be29995cfd0f251d2a171145bd6685bebe63ebc8,1
789a25139cfffaf8c6ae3cd914c0df394e8bb252d39ede7783f406310a7ed98d,1
7920ce48797227fdbe1bfc47adc476605c761994f2773776ba2fd7f193573a76,1
79a40ac47ea2b57727437a7a9365e860cc1fa1c7c96900f5a2a90133959c4694,1
79c3b94c7cbb84f60fdafa32e27394e6ff5d719036fb927ef71a74f260012988,1
7ae28b45b927b1634bdae314b2569f9bd3383c20d61dd660d8d6f3f0289a5c35,1
7ba0d2a549517e772559d958155cf39749d915af21cede44f610dea09512f8db,1
7bc235c7ae929245c540be2cfe0fbd4ce3279be429aa9ddbdde67299fd249f1d,1
7c207a6ad28507e302b1165849b57a09695482d5c07bae27dcbba92a55163e5f,1
7c7006f806e0b360bebc42c8e7d75507afbcd0569f153adc0cf06f5a35e2c1b3,1
7d89834f641899de7a8fd9424d47728da18c0d3e9246d8992c48f7b02fbc529f,1
7e118b534abb919903bc15b33f5fe2db15a54f7f39a7abc87c61e4617f35c0d2,1
802272288973bc62790dc0a3cf3c154c5792de4a953bd2e2c40d88af0c7d3944,1
8034fffb03faec5aa94d3c16cdb98dfbcce06e8f8f7a278f7c30cff0398ea03c,1
807126cbae47c03c99590d081b82d5761e0b9c57a92736fc8516cf41bc564a7d,1
812398e6457933be94c79fe29c3da9e43baef4f83e1adbc2214ae49293fb503c,1
8163d08b3c1611952db5225dda139a006590898b1f85c1536fd35d58368557d7,1
81de8fd03493d938e9acc7f226768847a5034f5dbea98bdfb2bca67facc1b27c,1
828be08ba7f5add2cacedd396203ff3fc070ea35a830da63bc4b80e486dc7585,1
83c64ed85d0245b22a7fb1e1f529ccd4db58b49fc6cf656c8d56712fa0b9fea0,1
842b27fc56dff60ef55827ba002f50d583feabc515e90bcec49aeca124ff0da2,1
84c278c9ac112f94b324e0f99a6dce7746f17eb60688df88d3fa7d72e4a0f558,1
8637acc3f22cdbd81bfc234286f0a8dea2792d210d12fbb9bd4ea29032380079,1
864dc18d09a2f43697770bc7809e9f5aad0960c2a94c4e063b73dcde15857bf3,1
867acf738df8387e77099f66cb760e0321522e16383f7339d4e104b38553eb3a,1
8694c39f34cef59352acb6bd4ad09534e7a984e0f7cf14ea2b8d6700858af9ce,1
8808e4e220fcda37bdb05b703e86053f88a6ebd68037d37ef89754c459d7ad2b,1
890fac739a3ba15d27d900a27ef2093c1c7d2ae71e3a890ab363678dbad742af,1
8930bd4ab06a60d8b079d37fe029ff6039786988efd4cb0b4c5197d0b39d2a12,1
894ee129e04c90792c0989a81e8c3995c29e5630d0b33e56edcae265453bed08,1
89b99b4be734db758190c4939db017f2d6cd28170b3c946e063b022a30431401,1
89dbde4056616e40aa07744ca89b611de5978c050bd17f58112801807a9d7ee2,1
8a3e6b18b0532c63b3e7eda71e6962f5128c2be9e8f52a817bd90d701852473a,1
8a58444a95e38acdb229aa1fcbfe207e685d1fb095b4915b7e85ea37a940bab0,1
8a6b8db59d082bce27566ffc402a51a78a643ec3d62d1ec00533a24d77a678e9,1
8a77d5183257efe270e01da6034970f0761525676af87ea55bbf59355a4fce50,1
8c19f52565794c532a040552587acc5901339d5646a004c9f5e53f159fb93438,1
8cbd16eb6ad744f0463991aff04bbbb8ce7e51635dd68025788e9e63ca79d62b,1
8d0fd24d95d581604719fa8ab1aeef6e189d1bf3b85b3cb92f58ba5a0e4f05f2,1
8d1219a38a3ed3bdb49fb29f5188edbcd96af07b673af7fc8872902e921c5420,1
8d6fc5d680807c9f4e97c71da612518f9868db63e66543d0253d8b998381f0bc,1
8dc605df0657313ffdeee5ba7d5315e8d2be5e96d44cbcc58f71dd26e9abb76b,1
9068f4fcfd2aa78ed5130d7af1f70bafe3388d3443991c372cb430bb64eb9a82,1
913be914736eb1bebcda66b8440f099a8953da7ade656a60fd7bc35c937f3664,1
915aee146b74ebdcb6977376ea8c7718a53b73e1771261035790e8d3e33668c3,1
91bfa2445d998425c81f30d293235429ca6a8c6c8f326536478952a2a6754aac,1
921a9edb708e2db89af36c8dd3c610b9a17d093db7e69d46a871306b344d8a23,1
92a9a82b7945cfdb57c6a3ed46ad5587a2926c9c852b0df8256ee10383675968,1
93ac9f334a09b4858b8d803a0b32336f5bcd57135c5f483669f54aff0650e2ee,1
942e275de833c747d0f8a5ebe519c62157c1136cbf467d079d7f84890018aa84,1
94596876e5408289110c03aee0bf01dda5d9632d4614041e644bf4809fc46b5f,1
94df93b1a0a2d391994eaee9029304f109f8fa2b9745baa1b6b183c78c0256f5,1
9530d2edee7e238986d17b6fb82a4682771f93c04c2723c54e3e76f2be2dafef,1
96484e8a5960b699d500db75f3413289c6ce5fa6ccd4bfed3b809ffec8b88d4e,1
9776c30b3da247119ea6d9eb6b2da03c9087f2ea53a6fa9fcd9bebd6f18c8288,1
97969aa46660c05c5e91b68dcb945cf8c8628fd4fefa357f82ffa0fe55daf003,1
97f2ea81c715bc40370e8cb3da07ba0d2a982616e7a469a769719ba1c2913ad3,1
98199294da32f418964fde49d623aadb795d783640b208b9dd9ad08dcac55fd5,1
981e329ccb3df83903da4702aec38a25f320e8de8c403f89574cc866b4b46338,1
986bb6ee7824cb8e156e0d8779d4e0c09e6a3dc1fa06b022b8675da6c249c37f,1
990d79736d2445283538f0e4c87181594c8a8e5c09c7a8bb8722003e2a503f1c,1
99a07f1d83c5a7f613f7915ad390decb2803868658b4b027a0bdcd9ca2a6f2c7,1
9a29fc84ebbae57cce8fec477fa24156e681a7e67b1dc061cf26f21e6f08562b,1
9a2cc0153a1a5633baead2e7e1e9360fbe2c647faaf59c1d1eafa45141d829f1,1
9a3b14675e013b13b1e1f82ad620ac84fa037b5e077f0c151844a2a8ad7db92b,1
9b37f8de327b7cd87bcf57b5fca39939b7c90ad7acedc118c46634b921d3230f,1
9bde11d7477da745f49606454da0ec0c66b4c1497e260befb4b1d087206be4ed,1
9c5ba6522d6ecb2874496adf195274e75cdfe99fe126b4bf0d920511cffb46f4,1
9e3a497a827876ab6b91eb532b3706f9ba4c0c22c86c9c049f21bb5add78bc36,1
9e67e752989ed088015203812547cf467918e11d574518b6469caeefe2885c34,1
9f53ecd046318e89782aae3919bf6543bea1e4d09c2a528369ea8c7dbd8c7158,1
a049569e05f2779c0a7ee5878a1fc018f18d2a64cc3c218c3d4466f22cbf42c8,1
a063b01567e2579701e5f671da30dddef7279a0f7c7ac94dbcc7b3d936e7f33d,1
a135d639735d9b6123b3960017ad3c2ce6b15346481b70b771d52c7aed17d35b,1
a162bb9219a09b302b90bc6f908e117e3fb2c722560336d378fd76a8f22f78f8,1
a2c3e585be7f3cd577cb394e9cb7205c6c495ef3605be040b6becc147313a0d9,1
a2e1ef87d2262539ebc9e22edcd8ebe4a19122250b463ff711279fc5873cc47e,1
a34b5789d2631aecfe7f42477f275f04c54342f7f007612bbed58a1d39c992c5,1
a38c6f04ad56e8c855ec908221c3da09a2cf8507b345f7e67e480c62e257fd63,1
a411b625756ed54d299ad0ac967b2d4fd88654710565d4f3d9fcc24241849a88,1
a4b574a18dca62c2f07c3446d600d4c23e63ee0eae824400156e4044dbb62287,1
a4d0f404263fe606c74c0b3c232335ca82f7669859f733334d7e58b989799f28,1
a4e0ee03d20f54b7f8dc4c49e8b85d1659963e5f1ecd6a055f148ada03714983,1
a4e79d826cc13a421a5b3b785413d92254992bceb6d392c72de16b61653b346f,1
a50c5d39fc21ccc51d78d76bbec723414f505f40a56961ac00b567ba0d5bda36,1
a5672f1287903b21f8fe4bd1851487e8ab37b380a6a78fc050cfbc2285daf8bc,1
a63d20a34c5920048815335e5175de0f883727578939f3d68bc35f1e1e477610,1
a640be7e520b86a4f93329d581791095e49086f899f956f27eb1d88722906427,1
a64861d96540a7c711a67b6dc321fd38744e2388adbca832a6d3d5b982a64908,1
a79922d453e2bcdd6ec3f9830f5189be5a745067dc7e8967b30803205ae38afc,1
a7e40660025a2f92bf5b27a429c2a65038932203d7d6c33168f01c47b34868fa,1
a82824ae0b73ef4b19fb3403717e11b08836d6818155136d7053ec81cd2bc452,1
a850de0705c0f6095910aa1d5ed0e73a49581aa7427fcfaf2ff5144e93b047c1,1
a9778a80cc04f1c2b5aff52b1c78a9f8aa0fcc7b7edbf1817b0d70dce029cdad,1
aa8314d22b547d8032bb70d33457e2b259de5f970b11067fb5050e381ee851b3,1
aaba7017a475552902d747b430c8c3effb23dd9713976fe279485bcfc4d357ec,1
aadf35a06b39044bb107a473230639d22e01d4974e59f52e20f1f9742d8801f8,1
ab6419b821aa1cded7100396ca6836660f5fee9f78fd805a6393916beff04628,1
aca18a422353c2df4504c3104acee7aeb1d37cd7071f3a435fe2d90e7966497e,1
ad0499d408c24f5d8378f809cc3c7b6f340331761139d124b4630f5ba88a87c6,1
b0bc0dfa28ae3d6e92a6d56f30228d4a397150cd8035eb20dfbff12501af7582,1
b0d9f78957650a0bc42b0bf646e3d158f713de64ee5e6ab395cf777e93a7a240,1
b195ac1d7ba3cb8b7a32e0d3725c53b12db2c13e6a297c9301bd47a4d8ce7bc8,1
b2519cf81b527b2756e3836ed3c6a36b26f30cbb5384fdb1f905f2235207144e,1
b27ceba6e4ceeb2d4ad96a76fe22200fef935191ae671617b9a42f2d7a873d45,1
b2ba06796c091a006c498516be59a549c546f4ec67835cb69849541c922fa527,1
b32753162fa9fba8771e302675ec5739aa3925f19ae0871dec32e9d27933082d,1
b3284358029388637e642077f99e81e81144d8dab2f2623e263dbb5b625be746,1
b4d73b07aa627674b03f9c96dd5883dcd78b73e5baba6426dcc87ff0e771b265,1
b5281b50c0df43deba9a1386c17ba80b51a2c36a2850fdb59a2e1b32baa819b4,1
b580904048dab598138385763074c6c1593f4ce6993ba27ef80f6f1a715ee468,1
b5e88f56ef77f16032da480e2a7c931911253f1efe800875dd44e946f6cfde6c,1
b627fbdf2bd7432d05b174aa755cdc7adf26f554eb80325d7b413805e8f72230,1
b6fdf9369af7d3663274392de89b1d644f86232311e63a4a395dda474e1200ee,1
b7762c171076829be3fe34ebaddfc7d75834a50157d283904d5cb262abb83046,1
b7b0bb638249d39d678246aef4ff37bcc1c0f6f8a2c48a986e4322f98fcfbc7f,1
b7cfab6bb4e428b57254cdbf13b407a58a83b117e71b40613d6d59dc411f7739,1
b889277c94e7432125cc295440ddd95358aedbbd444093df3b69c7c6b1b6ff92,1
b89384e4dcec9c280b145b0f4aa7d05e783449ada227fb51ccbd2f25adfb57ca,1
b9079fb0fff9f40d7b5544f29d260b1659d8fcf019deadc72ec2c12882203a66,1
ba234b64c3e579163deffc4f70fa37d510063ab431cc64b20b7e8007c97914aa,1
ba699adb6a53d8dcb576b78ed5eb3eed4a2ca5005bd1df67b2d315dee4033b86,1
bb4ec7a85901b98dbb70a45764b8244e3589ff3c81fa47e5bc8ebcc9759183cc,1
bb82bcef4bfcb5b06a6f8e2de74321468212feea31ec2f132fa842271f045071,1
bc454e6119d5204d7e39be08a34a44c8b8c050ee2fdabbb9cceb5a6b9a4afa20,1
bc9b8cf70b35658a26e6a38e7e4e2ec24124540d78d38181444739bcb4190e52,1
bcafa75153d21270bb3c7cc1fa62783217ab7f5673e101fca99f9174724668b4,1
bcc7bed6962a5638a7cab25a5ca4b95b083afc89eed1119553f3dfd850266d0b,1
bcda312237b5ef100e09afc94816bded5469d8880b49acc930185a904b4169f8,1
bdbca743c062aeb9fabc78fe1df13f10a6db75f067c1d3122e92445e206d5ff0,1
be56842a18de9fd4fb4e6d0ad618f46c9f8a4d11d16bfbb05828b59b9d033421,1
be8d2f2137766b2b492cb81d0c2e6c3399eb143d57d647b40f6c0bd648765728,1
bf1cf754ad5f5f3560047b8eeb784c72bf79a042dec4d50d033e32912a7b19b6,1
c0535f6d6c2e1cb29d5dc3ea52eb2a49afe84141a3218d7dd7e4edd374c13380,1
c0ffb54b1b4568bda4d21e15f9b3a79264cb9096420171a38d13dcb307c3dceb,1
c140c8dc1453d7213da39a5020d6c90ef00d00491bb769cb762d6cc7c64372e7,1
c19bccefe2ea053a7d67d460b9c711b0b4e2ded6cc9ffcd099858443eb7241a3,1
c21da662d4d72c4821070d500716ae689c1a115f00af3111ce31ae6cabcb030c,1
c290e5e39b0f74f5f97d8accd2c202873ecb7e58e7fae289842d28e6a0983290,1
c2a98a2d64c966fd704e9056cd21c5552690cc6ac2d4c80799f105135a81e5b2,1
c2b85c4976e39ad7cbff90a2e2e53a51ed0f4a6258825143860d0b0115d1a061,1
c2e56510866a6e038ac723a3e5a2ac66b14f407b91886077727f622f561164e3,1
c421e9bd014bb76b698c3389e96942a546e9bc098b9fdca87ed6aae2b7766672,1
c45ef4a35047e14d8eaf54cab44a432be18e93915ac26a2f1294d260f220aea8,1
c487ddbe93f098818949bb9c45e3708c5673579c08cbe9ee7fffa1c08a15edb7,1
c522418670b4efa6c754ea19bf18e60d31e8c17929038cd3f14317134230a6e6,1
c53b624322a1f8259c9b37a79ebdc8b3556cba815a60cdbb4be6ebac7754cd20,1
c55332d5785f81975635378f25772fd8a6ca3d41a0221ac79dbfdd73a3ccb408,1
c66afad73cc34e9130f070a1834174fe231c55110302ac0104223a3ff0425e2d,1
c743f5c7ce9f3933c0aafe6142736a810da86d0889b8aca467b86485cb9e4067,1
c78b9b5d29646a50ef245c158d856be56b7ff8fcc7ea6e12109552d1a78df967,1
c7c5656e3d27650f567e10fa2f02ddd27b0cc910518d1676495d1f69a3ff7f13,1
c82e87a083563fe978f2f2eee3df1f8807a32c476882874bb3b97802ffca155b,1
c862beed192b3d8ed9b88f75d508de1f9509ced37d3478a624ce7cc2e0bc4dd7,1
c86fd81aede1a694f978ee09be2f16c6bcd335741538e666883d69dbb9c4c1ae,1
c8c222bc92ea48e87b86b63e0de11e6c5541917462e19db0dfbb6fcb29ee2ecc,1
cac09c5751194795eb27b2daf641bee4afbcb1638095d7055e89c9c505af038f,1
cc13afd5ffdd769c66118f4f5eec7f80655c14cfdc6e8b753e419bbfbea4784e,1
cc2f07991f2b2dc726d56afe3dee151eabfec0a82e97e4ee24d0faa192bc1848,1
ccf7464ba6e2e12e984514f694bfb10d03de77358d8a3afd7a2ffed150ec1df8,1
cdc95d0113a2af05c2e70fab23f6c218ae583ebcb47077dd5b705a476f9d6b96,1
ce2acd499a0c2dcac7bfd368d802a0efa95f26f1f0adf454360a50c72e3550bc,1
cf122096af9db390f01bc576134f4b8e95db6ead9e763f0703b17a54a47aa8d8,1
cf5ce1c3f405a009c4a0302a50693b91f956592ec05a088085ad974097ccae88,1
cfa2f58b4db5f4fcc554dc82c97fb360c3afd24a8bec3294c369d57d8e669f06,1
d0a121e886ab5e30f1863d5d79239dae0913fc265e688ddc3c1504fca5d03a7f,1
d1e0553b8f4923e4bd8361b408daf6f5c47e140fcd98bb9fbca068b861a235c2,1
d24dd688629ba34c5f6bfd7bb148ac114e164ac6b02ddcab0508770da0880dae,1
d260483311224ce5e178e6802ac5ebaa9d5605902ea386f3b0972ff727d237e4,1
d29a1b857a9b293a671c4ba7d8caa2a9cf8717244a6aa57211d9c66d2f2ea257,1
d3653291005f22c50e3ca31f6dfa9fcb28fd828290736ee57d775a8938aef9ee,1
d3d6d041ebabc9a9dcf6758a9fa0173bbc5df5de556338bb86a687762866d0f1,1
d45350fe21e03ec0a8811a2207b34d57b9093f317b2e6034de704802b7c54113,1
d488a34718cf2db560dd4c62ccb5fac527cc192716c2d166a71f98abd384aba6,1
d50dcf25edd27b4afd5f7c2efbdb83c6c4601e16166a0c86d628e34b04375e91,1
d57fbae4df7a967f388644f9abd118c1efe25d7d54e5d78d24355ced9d427f01,1
d5b5ebefa5ce4640c3f5532b9f7a01d20cb50c5c58ea7713362fed4da091ab79,1
d5bbe4a0c592eb7afca1238e32f599d86069d8b6d7f695595cdbf1e704c1036a,1
d61ec0ddcb32867e23b9e9d4e7238e98a95f78b2180fb1178aae77f6f02480dc,1
d674b3f8351e35f5fcba7e8e7aff51da75a2299ca6c1278a1107418ae3e20c24,1
d6b4d71feb618f292f549ac29ed3e4deeeaaca13f1bf226b40d20cffef4444b6,1
d7149c2e9822cfbd6122ca8206e162fdbaed40d48f16a827c80e301baf9e3ede,1
d73cc6a97c3edde637c7d952ee2e0efc5b09937e5300cb0ecaffda70f4efdef0,1
d7e60b6335c11129d7eacb338673aea7c5b944015c502ddedb491313d158a869,1
d8925b4fa0765d70ddaef18861792c27973b974a0cea9ea74d84201c16081aa7,1
d8cef256e85ee4f1eac9e1124814e81f2c75349b5d7e2de2412f5a481ddc3440,1
da59412fe17654f95fb5ddf3696299e2ce933a6758304064d59ee0a41d59d84c,1
daab430bb5771eaa7af0fbd3417604e8af5f4693099a6393a4dc3b440863bced,1
dd0c509faf3f5b19805e3b700f4aa9d11c3f131ca5dfcf865b8409600b12f766,1
df255af635a2dde04c031db95862f11e1bf44fe5cfc10d3b20bd4678ed818567,1
df3379dafd2f3f7c4a3cdf0c4a69d13c7b7fa91ead6af0d36815f649c0f43700,1
df7b8189f37b8a02509cc128c3281904397c515c8685899703a1c9ec08d5fb6e,1
e004b0c2c3aba14be68c52e90409c231c48b606d5c85c1560845bc90273e03bf,1
e0892f7c3731559e3a7eb748f140612be788b3644d70f2740da94acd5d93742b,1
e0947d8feacccf452053cb70d7dc6473f7d25261df9114a21d141926d75c8cff,1
e0f7cbf8a7651f7cb83838dc138f95a89a86722aee81d81001a73f57157e0097,1
e1d02b38380aebb8515a819bfd0767f0629d87026ae18216f6787d1eb4304496,1
e2387b2070b7c1d7520b068f78f7f54218885463bbed76c7a7a12d8e868ccbef,1
e265c8552283e0a937d0b9f20e194fefaf9dccf72b8f7087c447aa21ee120094,1
e2b7f23ce96149e91b2657d9910ad267a8eb6ead8db8bcd1a9787352bd8b1099,1
e36e64302515b1465d197e94c77409ae372467cfe6fa97788beb804b7485ea13,1
e42991a0d7c95b074b68f6b55b8bcb7aed1749d104d8ab37ae9ded32f18ca74b,1
e4a62b2f18d22b58a104c2976e2e5104606e470a064bdf7d0bb2b0e9aba84bf9,1
e4be8ad4a01c3d5a4f9095d98184a15863ebb0c6ad8a23b1f6128ef045e8281f,1
e58d34c3fad3b7c67d0aa80068afac6232cfdc8a787714eba569fdeb50e71257,1
e611f9f9cb2eb46a82ac4ec65bdcdb98c7e9c5113df4fc31237aba6b425e7a62,1
e64ce178118414c7b42aff064fd13be15eb3e27a6f6ba71b723e0b0039f0d7ad,1
e7117a85e809d88e5ac81a7abc0d137b23105fa7a8c0d9870dc0e4507dd0449a,1
e796e64c5f9a7568773bd2924e992172f222957e039ab7b41ade44865d0a48e5,1
e7def648f10c23a32125e7d663327c87b092f2aeb71c87af19a6c4c03828e7d8,1
e7e729e9d23aeac5ff826c5d3389f5c1cc2982d3d43168e2f5af705709db47da,1
e7f5dc19f9ddb3e01e4528408d837a8aa6defbe5374c69267d92e100d4e15fff,1
e835e1f302fe73a839d9100cbc17bfc87f1e4840cc4ce2533f97cfc6f76b0097,1
e856fe30116bf9ec623c7591a8be9c11513ebfcf9c9061f74f6433e2f451632b,1
e911ed93b7b6870f1d8960d9ce9937d97157f67e31c38ee52cf38163f74e747f,1
e941689966213b42ed626de6f8b1ca56347f1e948370cacd51c8d1122a2e96d9,1
e95ead95d8c36a037ba9dc457905589aed7a64780fd1ab0cd99275defccf1f06,1
e96e50bf169ff3e9bf95278926c2a8ae4ba4c7b26c452c3733cb021936cee923,1
ea08d7a8fda83830c5c88a65b91ed32616b5a29dc4e35c6f3d628628096adf87,1
ea312939e32eb469b24736132cfdd623f31bc76c956ec9ec9eccc876f86df005,1
ea721b83c12fd31e7df6bbf8d1516c663046cc809e6fa2672b27b3b6c113bf23,1
ead153f7e271db6bbfdaba5e754e4ec3ce992366c44068aa8d3505605cd1429a,1
eb088d43e4b03d0a205cd4c6adf677cecd2d8d67a8b7ad6d6558010ee5d9acf7,1
eb567e86488753cdab44a642106174c1eff41d0441d752e8e8fc571f5bf5942f,1
eb74a2ccdab75bead5039c3b6d6d6932275353f8bf79dd6593f0422ee2831836,1
ec52bc159b12ec20621cc6842a16ba4f726919c48ec2e8882f9b5a34c6710763,1
ed18e2195e0754a6c2a5073def7ff6a24c7ae245db70d51a87490e9a07c0db5c,1
ed325ee98b5171bf263464e98c6edfd40645393434dcf5be2d17333f4aeaeae7,1
ed50d657928d8c34c19d26b2385c307e24b7b37681b535deeec7d8b652860860,1
edb168ed4b05e2fb64bd23d30793300794b2bea7f78575f04216339e08db41b4,1
freeware_1000.exe,0
freeware_1001.exe,0
freeware_1002.exe,0
freeware_1003.exe,0
freeware_1004.dll,0
freeware_1005.exe,0
freeware_1006.dll,0
freeware_1007.dll,0
freeware_1008.exe,0
freeware_1009.dll,0
freeware_100.dll,0
freeware_1010.dll,0
freeware_1011.dll,0
freeware_1012.dll,0
freeware_1013.exe,0
freeware_1014.dll,0
freeware_1015.exe,0
freeware_1016.exe,0
freeware_1017.dll,0
freeware_1018.dll,0
freeware_1019.exe,0
freeware_101.exe,0
freeware_1020.dll,0
freeware_1021.exe,0
freeware_1022.exe,0
freeware_1023.exe,0
freeware_1024.dll,0
freeware_1025.exe,0
freeware_1026.dll,0
freeware_1027.dll,0
freeware_1028.dll,0
freeware_1029.exe,0
freeware_102.exe,0
freeware_1030.exe,0
freeware_1031.dll,0
freeware_1032.dll,0
freeware_1033.dll,0
freeware_1034.dll,0
freeware_1035.dll,0
freeware_1036.dll,0
freeware_1037.exe,0
freeware_1038.dll,0
freeware_1039.exe,0
freeware_103.exe,0
freeware_1040.exe,0
freeware_1041.dll,0
freeware_1042.exe,0
freeware_1043.dll,0
freeware_1044.dll,0
freeware_1045.dll,0
freeware_1046.exe,0
freeware_1047.exe,0
freeware_1048.exe,0
freeware_1049.dll,0
freeware_104.exe,0
freeware_1050.exe,0
freeware_1051.dll,0
freeware_1052.exe,0
freeware_1053.dll,0
freeware_1054.exe,0
freeware_1055.exe,0
freeware_1056.dll,0
freeware_1057.dll,0
freeware_1058.exe,0
freeware_1059.dll,0
freeware_105.exe,0
freeware_1060.dll,0
freeware_1061.exe,0
freeware_1062.dll,0
freeware_1063.dll,0
freeware_1064.exe,0
freeware_1065.exe,0
freeware_1066.exe,0
freeware_1067.dll,0
freeware_1068.exe,0
freeware_1069.dll,0
freeware_106.dll,0
freeware_1070.dll,0
freeware_1071.exe,0
freeware_1072.dll,0
freeware_1073.exe,0
freeware_1074.dll,0
freeware_1075.dll,0
freeware_1076.exe,0
freeware_1077.dll,0
freeware_1078.dll,0
freeware_1079.exe,0
freeware_107.dll,0
freeware_1080.exe,0
freeware_1081.exe,0
freeware_1082.dll,0
freeware_1083.exe,0
freeware_1084.exe,0
freeware_1085.dll,0
freeware_1086.dll,0
freeware_1087.exe,0
freeware_1088.exe,0
freeware_1089.exe,0
freeware_108.dll,0
freeware_1090.exe,0
freeware_1091.exe,0
freeware_1092.dll,0
freeware_1093.dll,0
freeware_1094.dll,0
freeware_1095.dll,0
freeware_1096.dll,0
freeware_1097.dll,0
freeware_1098.dll,0
freeware_1099.dll,0
freeware_109.exe,0
freeware_10.dll,0
freeware_1100.dll,0
freeware_1101.exe,0
freeware_1102.dll,0
freeware_1103.exe,0
freeware_1104.exe,0
freeware_1105.exe,0
freeware_1106.exe,0
freeware_1107.dll,0
freeware_1108.dll,0
freeware_1109.exe,0
freeware_110.exe,0
freeware_1110.dll,0
freeware_1111.dll,0
freeware_1112.dll,0
freeware_1113.dll,0
freeware_1114.dll,0
freeware_1115.dll,0
freeware_1116.exe,0
freeware_1117.exe,0
freeware_1118.exe,0
freeware_1119.exe,0
freeware_111.dll,0
freeware_1120.dll,0
freeware_112.exe,0
freeware_113.exe,0
freeware_114.exe,0
freeware_115.dll,0
freeware_116.dll,0
freeware_117.dll,0
freeware_118.dll,0
freeware_119.exe,0
freeware_11.exe,0
freeware_120.dll,0
freeware_121.exe,0
freeware_122.dll,0
freeware_123.exe,0
freeware_124.exe,0
freeware_125.dll,0
freeware_126.exe,0
freeware_127.exe,0
freeware_128.exe,0
freeware_129.exe,0
freeware_12.dll,0
freeware_130.dll,0
freeware_131.exe,0
freeware_132.exe,0
freeware_133.exe,0
freeware_134.dll,0
freeware_135.exe,0
freeware_136.exe,0
freeware_137.exe,0
freeware_138.dll,0
freeware_139.exe,0
freeware_13.exe,0
freeware_140.dll,0
freeware_141.dll,0
freeware_142.dll,0
freeware_143.dll,0
freeware_144.exe,0
freeware_145.exe,0
freeware_146.dll,0
freeware_147.exe,0
freeware_148.dll,0
freeware_149.dll,0
freeware_14.exe,0
freeware_150.exe,0
freeware_151.dll,0
freeware_152.exe,0
freeware_153.exe,0
freeware_154.dll,0
freeware_155.exe,0
freeware_156.dll,0
freeware_157.exe,0
freeware_158.dll,0
freeware_159.exe,0
freeware_15.exe,0
freeware_160.dll,0
freeware_161.dll,0
freeware_162.dll,0
freeware_163.exe,0
freeware_164.exe,0
freeware_165.dll,0
freeware_166.dll,0
freeware_167.dll,0
freeware_168.dll,0
freeware_169.exe,0
freeware_16.dll,0
freeware_170.exe,0
freeware_171.dll,0
freeware_172.exe,0
freeware_173.dll,0
freeware_174.dll,0
freeware_175.exe,0
freeware_176.dll,0
freeware_177.exe,0
freeware_178.exe,0
freeware_179.dll,0
freeware_17.exe,0
freeware_180.exe,0
freeware_181.exe,0
freeware_182.exe,0
freeware_183.exe,0
freeware_184.exe,0
freeware_185.exe,0
freeware_186.dll,0
freeware_187.exe,0
freeware_188.exe,0
freeware_189.dll,0
freeware_18.exe,0
freeware_190.dll,0
freeware_191.dll,0
freeware_192.dll,0
freeware_193.exe,0
freeware_194.exe,0
freeware_195.exe,0
freeware_196.exe,0
freeware_197.dll,0
freeware_198.exe,0
freeware_199.exe,0
freeware_19.dll,0
freeware_1.dll,0
freeware_200.exe,0
freeware_201.dll,0
freeware_202.dll,0
freeware_203.dll,0
freeware_204.dll,0
freeware_205.exe,0
freeware_206.dll,0
freeware_207.dll,0
freeware_208.dll,0
freeware_209.exe,0
freeware_20.dll,0
freeware_210.exe,0
freeware_211.exe,0
freeware_212.exe,0
freeware_213.dll,0
freeware_214.dll,0
freeware_215.dll,0
freeware_216.dll,0
freeware_217.dll,0
freeware_218.dll,0
freeware_219.dll,0
freeware_21.exe,0
freeware_220.dll,0
freeware_221.exe,0
freeware_222.dll,0
freeware_223.exe,0
freeware_224.exe,0
freeware_225.exe,0
freeware_226.dll,0
freeware_227.dll,0
freeware_228.dll,0
freeware_229.exe,0
freeware_22.exe,0
freeware_230.dll,0
freeware_231.dll,0
freeware_232.exe,0
freeware_233.exe,0
freeware_234.exe,0
freeware_235.dll,0
freeware_236.exe,0
freeware_237.exe,0
freeware_238.dll,0
freeware_239.exe,0
freeware_23.exe,0
freeware_240.exe,0
freeware_241.dll,0
freeware_242.dll,0
freeware_243.exe,0
freeware_244.dll,0
freeware_245.dll,0
freeware_246.dll,0
freeware_247.exe,0
freeware_248.dll,0
freeware_249.exe,0
freeware_24.exe,0
freeware_250.exe,0
freeware_251.exe,0
freeware_252.dll,0
freeware_253.exe,0
freeware_254.dll,0
freeware_255.exe,0
freeware_256.dll,0
freeware_257.dll,0
freeware_258.exe,0
freeware_259.dll,0
freeware_25.dll,0
freeware_260.dll,0
freeware_261.exe,0
freeware_262.exe,0
freeware_263.dll,0
freeware_264.exe,0
freeware_265.dll,0
freeware_266.exe,0
freeware_267.exe,0
freeware_268.dll,0
freeware_269.dll,0
freeware_26.dll,0
freeware_270.exe,0
freeware_271.dll,0
freeware_272.dll,0
freeware_273.exe,0
freeware_274.exe,0
freeware_275.exe,0
freeware_276.dll,0
freeware_277.exe,0
freeware_278.exe,0
freeware_279.dll,0
freeware_27.dll,0
freeware_280.dll,0
freeware_281.exe,0
freeware_282.dll,0
freeware_283.exe,0
freeware_284.dll,0
freeware_285.dll,0
freeware_286.exe,0
freeware_287.dll,0
freeware_288.dll,0
freeware_289.dll,0
freeware_28.exe,0
freeware_290.dll,0
freeware_291.dll,0
freeware_292.dll,0
freeware_293.exe,0
freeware_294.dll,0
freeware_295.exe,0
freeware_296.dll,0
freeware_297.exe,0
freeware_298.dll,0
freeware_299.dll,0
freeware_29.exe,0
freeware_2.exe,0
freeware_300.dll,0
freeware_301.exe,0
freeware_302.dll,0
freeware_303.dll,0
freeware_304.exe,0
freeware_305.exe,0
freeware_306.exe,0
freeware_307.exe,0
freeware_308.dll,0
freeware_309.dll,0
freeware_30.exe,0
freeware_310.dll,0
freeware_311.exe,0
freeware_312.exe,0
freeware_313.exe,0
freeware_314.dll,0
freeware_315.dll,0
freeware_316.exe,0
freeware_317.dll,0
freeware_318.exe,0
freeware_319.exe,0
freeware_31.dll,0
freeware_320.dll,0
freeware_321.dll,0
freeware_322.dll,0
freeware_323.exe,0
freeware_324.exe,0
freeware_325.dll,0
freeware_326.dll,0
freeware_327.dll,0
freeware_328.dll,0
freeware_329.dll,0
freeware_32.dll,0
freeware_330.dll,0
freeware_331.dll,0
freeware_332.exe,0
freeware_333.exe,0
freeware_334.exe,0
freeware_335.dll,0
freeware_336.dll,0
freeware_337.dll,0
freeware_338.dll,0
freeware_339.dll,0
freeware_33.dll,0
freeware_340.dll,0
freeware_341.exe,0
freeware_342.exe,0
freeware_343.dll,0
freeware_344.dll,0
freeware_345.dll,0
freeware_346.exe,0
freeware_347.exe,0
freeware_348.exe,0
freeware_349.dll,0
freeware_34.exe,0
freeware_350.dll,0
freeware_351.exe,0
freeware_352.exe,0
freeware_353.dll,0
freeware_354.dll,0
freeware_355.dll,0
freeware_356.dll,0
freeware_357.exe,0
freeware_358.dll,0
freeware_359.exe,0
freeware_35.dll,0
freeware_360.exe,0
freeware_361.dll,0
freeware_362.dll,0
freeware_363.exe,0
freeware_364.exe,0
freeware_365.exe,0
freeware_366.exe,0
freeware_367.exe,0
freeware_368.dll,0
freeware_369.exe,0
freeware_36.dll,0
freeware_370.dll,0
freeware_371.exe,0
freeware_372.dll,0
freeware_373.exe,0
freeware_374.exe,0
freeware_375.exe,0
freeware_376.exe,0
freeware_377.exe,0
freeware_378.exe,0
freeware_379.dll,0
freeware_37.dll,0
freeware_380.dll,0
freeware_381.dll,0
freeware_382.exe,0
freeware_383.exe,0
freeware_384.dll,0
freeware_385.dll,0
freeware_386.exe,0
freeware_387.dll,0
freeware_388.exe,0
freeware_389.dll,0
freeware_38.dll,0
freeware_390.exe,0
freeware_391.exe,0
freeware_392.dll,0
freeware_393.dll,0
freeware_394.exe,0
freeware_395.exe,0
freeware_396.exe,0
freeware_397.dll,0
freeware_398.dll,0
freeware_399.dll,0
freeware_39.dll,0
freeware_3.exe,0
freeware_400.dll,0
freeware_401.dll,0
freeware_402.dll,0
freeware_403.exe,0
freeware_404.exe,0
freeware_405.dll,0
freeware_406.dll,0
freeware_407.dll,0
freeware_408.dll,0
freeware_409.exe,0
freeware_40.exe,0
freeware_410.exe,0
freeware_411.dll,0
freeware_412.dll,0
freeware_413.exe,0
freeware_414.dll,0
freeware_415.exe,0
freeware_416.exe,0
freeware_417.dll,0
freeware_418.exe,0
freeware_419.dll,0
freeware_41.exe,0
freeware_420.exe,0
freeware_421.exe,0
freeware_422.exe,0
freeware_423.dll,0
freeware_424.dll,0
freeware_425.dll,0
freeware_426.dll,0
freeware_427.dll,0
freeware_428.exe,0
freeware_429.exe,0
freeware_42.exe,0
freeware_430.exe,0
freeware_431.dll,0
freeware_432.exe,0
freeware_433.exe,0
freeware_434.exe,0
freeware_435.dll,0
freeware_436.dll,0
freeware_437.dll,0
freeware_438.dll,0
freeware_439.exe,0
freeware_43.exe,0
freeware_440.dll,0
freeware_441.exe,0
freeware_442.dll,0
freeware_443.dll,0
freeware_444.exe,0
freeware_445.exe,0
freeware_446.exe,0
freeware_447.exe,0
freeware_448.dll,0
freeware_449.dll,0
freeware_44.exe,0
freeware_450.dll,0
freeware_451.dll,0
freeware_452.dll,0
freeware_453.dll,0
freeware_454.exe,0
freeware_455.dll,0
freeware_456.exe,0
freeware_457.dll,0
freeware_458.exe,0
freeware_459.dll,0
freeware_45.dll,0
freeware_460.exe,0
freeware_461.dll,0
freeware_462.dll,0
freeware_463.dll,0
freeware_464.dll,0
freeware_465.dll,0
freeware_466.dll,0
freeware_467.exe,0
freeware_468.exe,0
freeware_469.dll,0
freeware_46.dll,0
freeware_470.dll,0
freeware_471.exe,0
freeware_472.exe,0
freeware_473.dll,0
freeware_474.dll,0
freeware_475.exe,0
freeware_476.dll,0
freeware_477.dll,0
freeware_478.dll,0
freeware_479.exe,0
freeware_47.dll,0
freeware_480.dll,0
freeware_481.exe,0
freeware_482.exe,0
freeware_483.dll,0
freeware_484.exe,0
freeware_485.dll,0
freeware_486.dll,0
freeware_487.exe,0
freeware_488.exe,0
freeware_489.exe,0
freeware_48.dll,0
freeware_490.exe,0
freeware_491.dll,0
freeware_492.exe,0
freeware_493.dll,0
freeware_494.exe,0
freeware_495.dll,0
freeware_496.dll,0
freeware_497.dll,0
freeware_498.dll,0
freeware_499.dll,0
freeware_49.exe,0
freeware_4.exe,0
freeware_500.dll,0
freeware_501.dll,0
freeware_502.dll,0
freeware_503.dll,0
freeware_504.dll,0
freeware_505.exe,0
